label;cp;busses;bus_param;bus_P_ref;bus_char;bus_base;design;offdesign;design_path;local_design;local_offdesign;Q;Q_set;Q_var;pr;pr_set;pr_var;zeta;zeta_set;zeta_var;D;D_set;D_var;L;L_set;L_var;ks;ks_set;ks_var;kA;kA_set;kA_var;kA_char;kA_char_set;kA_char_param;Tamb;Tamb_set;SQ1;SQ1_set;SQ2;SQ2_set;Sirr;Sirr_set;hydro_group;kA_group;kA_char_group
pipe1_feed;pipe;['network losses'];[None];[-642.3926257151686];['0x0000020135375390'];['component'];[];[];nan;False;False;-642.3926257151686;False;False;0.9982922643881866;False;False;471916.8095941969;False;False;0.0697;True;False;29.427877939124322;True;False;0.00017;True;False;8.034444287172352;True;False;0x00000201362FD7B8;False;m;0;True;-1.8137234514853233;False;2.351794346385388;False;0.5380708949000645;False;default;default;default
pipe1_back;pipe;['network losses'];[None];[-422.8300699003601];['0x0000020135375390'];['component'];[];[];nan;False;False;-422.8300699003601;False;False;0.9974773542326103;False;False;484507.1647424561;False;False;0.0697;True;False;29.427877939124322;True;False;0.00017;True;False;8.034444287169462;True;False;0x0000020135CAADD8;False;m;0;True;-1.2919259943414092;False;1.5479775577534693;False;0.25605156341206015;False;default;default;default
pipe2_feed;pipe;['network losses'];[None];[-680.6249083666215];['0x0000020135375390'];['component'];[];[];nan;False;False;-680.6249083666215;False;False;0.9974467542267081;False;False;704402.2058568661;False;False;0.0697;True;False;30.14962686336267;True;False;0.00069;True;False;8.522527293296779;True;False;0x0000020135CAAF98;False;m;0;True;-1.9197725768526839;False;2.4917624322409724;False;0.5719898553882885;False;default;default;default
pipe3_feed;pipe;['network losses'];[None];[-679.8144625695298];['0x0000020135375390'];['component'];[];[];nan;False;False;-679.8144625695298;False;False;0.9901078576144908;False;False;2722286.114053798;False;False;0.0697;True;False;116.51609330903607;True;False;0.00069;True;False;8.522527293292924;True;False;0x000002011223A240;False;m;0;True;-1.894275681952942;False;2.4887953965569465;False;0.5945197146040044;False;default;default;default
pipe6_feed;pipe;['network losses'];[None];[-580.4123313253177];['0x0000020135375390'];['component'];[];[];nan;False;False;-580.4123313253177;False;False;0.9942463362310063;False;False;12853966.014963143;False;False;0.036;True;False;16.0312195418814;True;False;0.00069;True;False;7.291367744887994;True;False;0x00000201357374E0;False;m;0;True;-1.6389420367949135;False;2.1248849764792888;False;0.4859429396843753;False;default;default;default
pipe7_feed;pipe;['network losses'];[None];[-578.7317399200231];['0x0000020135375390'];['component'];[];[];nan;False;False;-578.7317399200231;False;False;0.9503362947815737;False;False;110328080.0555988;False;False;0.036;True;False;137.59360450253493;True;False;0.00069;True;False;7.291367744887487;True;False;0x000002013535B2B0;False;m;0;True;-1.5864078793723702;False;2.118732344572664;False;0.5323244652002936;False;default;default;default
pipe18_feed;pipe;['network losses'];[None];[-610.2355592912244];['0x0000020135375390'];['component'];[];[];nan;False;False;-610.2355592912244;False;False;0.9904439008068951;False;False;6716953.338192982;False;False;0.0419;True;False;19.0;True;False;0.00069;True;False;7.674025442366376;True;False;0x000002013535B390;False;m;0;True;-1.7115950088182303;False;2.234067579319877;False;0.5224725705016466;False;default;default;default
pipe19_feed;pipe;['network losses'];[None];[-609.1809896927448];['0x0000020135375390'];['component'];[];[];nan;False;False;-609.1809896927448;False;False;0.986450960131249;False;False;9433365.640212867;False;False;0.0419;True;False;26.68332812825267;True;False;0.00069;True;False;7.674025442364574;True;False;0x0000020135CDE5C0;False;m;0;True;-1.701694810674078;False;2.230206808320501;False;0.5285119976464232;False;default;default;default
pipe8_feed;pipe;['network losses'];[None];[-577.0576034076779];['0x0000020135375390'];['component'];[];[];nan;False;False;-577.0576034076779;False;False;0.9901405867013536;False;False;20817808.104239076;False;False;0.036;True;False;25.96150997149434;True;False;0.00069;True;False;7.291367744887822;True;False;0x0000020135CDE898;False;m;0;True;-1.6275716507992093;False;2.1126033439783196;False;0.4850316931791103;False;default;default;default
pipe9_feed;pipe;['network losses'];[None];[-575.368095948149];['0x0000020135375390'];['component'];[];[];nan;False;False;-575.368095948149;False;False;0.995366008950882;False;False;9689447.879121037;False;False;0.036;True;False;12.083045973594572;True;False;0.00069;True;False;7.291367744887706;True;False;0x0000020135CDE8D0;False;m;0;True;-1.6294270909954447;False;2.106418070467322;False;0.4769909794718772;False;default;default;default
pipe10_feed;pipe;['network losses'];[None];[-573.6961755288626];['0x0000020135375390'];['component'];[];[];nan;False;False;-573.6961755288626;False;False;0.9598146847034407;False;False;83647788.21616471;False;False;0.036;True;False;104.30723848324239;True;False;0.00069;True;False;7.2913677448879;True;False;0x0000020135CDE860;False;m;0;True;-1.5886394833235578;False;2.1002971829722226;False;0.5116576996486648;False;default;default;default
pipe11_feed;pipe;['network losses'];[None];[-572.0418288157148];['0x0000020135375390'];['component'];[];[];nan;False;False;-572.0418288157148;False;False;0.9635631100661803;False;False;72807076.04815586;False;False;0.036;True;False;90.78546139112804;True;False;0.00069;True;False;7.291367744887633;True;False;0x0000020135CDE780;False;m;0;True;-1.5904106430039244;False;2.094240632676972;False;0.5038299896730474;False;default;default;default
pipe12_feed;pipe;['network losses'];[None];[-570.3800563461297];['0x0000020135375390'];['component'];[];[];nan;False;False;-570.3800563461297;False;False;0.9880881498013444;False;False;22937781.414951205;False;False;0.036;True;False;28.600699292150182;True;False;0.00069;True;False;7.29136774488789;True;False;0x0000020135CDE518;False;m;0;True;-1.6117571337328875;False;2.088156896745853;False;0.47639976301296527;False;default;default;default
pipe13_feed;pipe;['network losses'];[None];[-568.7162417952931];['0x0000020135375390'];['component'];[];[];nan;False;False;-568.7162417952931;False;False;0.979699450241927;False;False;38631035.78356062;False;False;0.036;True;False;48.16637831516918;True;False;0.00069;True;False;7.291367744887804;True;False;0x0000020135CDE9B0;False;m;0;True;-1.6001886612208889;False;2.082065684771346;False;0.48187702355045703;False;default;default;default
pipe14_feed;pipe;['network losses'];[None];[-567.0650582352603];['0x0000020135375390'];['component'];[];[];nan;False;False;-567.0650582352603;False;False;0.9670092629253718;False;False;61513777.66975686;False;False;0.036;True;False;76.69419795525604;True;False;0.00069;True;False;7.291367744886795;True;False;0x0000020135CDE6A0;False;m;0;True;-1.5850257063356532;False;2.076020714754751;False;0.49099500841909793;False;default;default;default
pipe16_feed;pipe;['network losses'];[None];[-563.2533508599652];['0x0000020135375390'];['component'];[];[];nan;False;False;-563.2533508599652;False;False;0.9992210437946359;False;False;18217127.262955114;False;False;0.036;True;False;21.93171219946131;True;False;0.00069;True;False;7.291367744886995;True;False;0x0000020135CDE4A8;False;m;0;True;-1.607262412960021;False;2.062066084056252;False;0.4548036710962309;False;default;default;default
pipe17_feed;pipe;['network losses'];[None];[-511.7600169771076];['0x0000020135375390'];['component'];[];[];nan;False;False;-511.7600169771076;False;False;0.9910030111535891;False;False;210347078.88689435;False;False;0.0217;True;False;16.97056274847714;True;False;0.00069;True;False;6.692425261877929;True;False;0x00000201353B28D0;False;m;0;True;-1.4614967635884004;False;1.873549394021994;False;0.41205263043359364;False;default;default;default
pipe2_back;pipe;['network losses'];[None];[-449.03943292499537];['0x0000020135375390'];['component'];[];[];nan;False;False;-449.03943292499537;False;False;0.9963156489720363;False;False;710224.379087205;False;False;0.0697;True;False;30.14962686336267;True;False;0.00069;True;False;8.522527293294411;True;False;0x00000201353B2048;False;m;0;True;-1.3693307414677136;False;1.6439298294892748;False;0.2745990880215612;False;default;default;default
pipe3_back;pipe;['network losses'];[None];[-449.5738587868065];['0x0000020135375390'];['component'];[];[];nan;False;False;-449.5738587868065;False;False;0.9859613335999464;False;False;2744658.7718731603;False;False;0.0697;True;False;116.51609330903607;True;False;0.00069;True;False;8.52252729329356;True;False;0x00000201353B20F0;False;m;0;True;-1.3455786909807455;False;1.6458863583628283;False;0.3003076673820828;False;default;default;default
pipe7_back;pipe;['network losses'];[None];[-389.2726276767698];['0x0000020135375390'];['component'];[];[];nan;False;False;-389.2726276767698;False;False;0.8693970947563987;False;False;111005691.69400652;False;False;0.036;True;False;137.59360450253493;True;False;0.00069;True;False;7.291367744886099;True;False;0x00000201353B2160;False;m;0;True;-1.1337780887681277;False;1.4251240259079987;False;0.291345937139871;False;default;default;default
pipe6_back;pipe;['network losses'];[None];[-388.15168166110334];['0x0000020135375390'];['component'];[];[];nan;False;False;-388.15168166110334;False;False;0.9824976847514197;False;False;12934055.950320162;False;False;0.036;True;False;16.0312195418814;True;False;0.00069;True;False;7.291367744886471;True;False;0x00000201353B2128;False;m;0;True;-1.1824467667767502;False;1.421020251367759;False;0.2385734845910088;False;default;default;default
pipe19_back;pipe;['network losses'];[None];[-405.21749039644914];['0x0000020135375390'];['component'];[];[];nan;False;False;-405.21749039644914;False;False;0.9807196198191735;False;False;9479514.196244285;False;False;0.0419;True;False;26.68332812825267;True;False;0.00069;True;False;7.674025442364854;True;False;0x00000201353B2080;False;m;0;True;-1.2154020150116842;False;1.4834980428206084;False;0.26809602780892416;False;default;default;default
pipe18_back;pipe;['network losses'];[None];[-404.5192209163552];['0x0000020135375390'];['component'];[];[];nan;False;False;-404.5192209163552;False;False;0.9860016526081459;False;False;6750089.639292375;False;False;0.0419;True;False;19.0;True;False;0.00069;True;False;7.674025442364901;True;False;0x00000201353B20B8;False;m;0;True;-1.2215989294780554;False;1.4809416837501566;False;0.2593427542721012;False;default;default;default
pipe8_back;pipe;['network losses'];[None];[-390.3951354410976];['0x0000020135375390'];['component'];[];[];nan;False;False;-390.3951354410976;False;False;0.9759497597553097;False;False;20943816.942619838;False;False;0.036;True;False;25.96150997149434;True;False;0.00069;True;False;7.291367744886436;True;False;0x00000201353B2198;False;m;0;True;-1.1839902108579716;False;1.4292335179977946;False;0.245243307139823;False;default;default;default
pipe9_back;pipe;['network losses'];[None];[-391.5426268738987];['0x0000020135375390'];['component'];[];[];nan;False;False;-391.5426268738987;False;False;0.9889301415579562;False;False;9747219.843850518;False;False;0.036;True;False;12.083045973594572;True;False;0.00069;True;False;7.291367744886551;True;False;0x00000201353B2240;False;m;0;True;-1.192809938067025;False;1.4334344751012218;False;0.24062453703419684;False;default;default;default
pipe10_back;pipe;['network losses'];[None];[-392.6800214613568];['0x0000020135375390'];['component'];[];[];nan;False;False;-392.6800214613568;False;False;0.9127728464704764;False;False;84139037.2019877;False;False;0.036;True;False;104.30723848324239;True;False;0.00069;True;False;7.291367744886284;True;False;0x00000201353B21D0;False;m;0;True;-1.156659580010074;False;1.4375984677333216;False;0.2809388877232475;False;default;default;default
pipe11_back;pipe;['network losses'];[None];[-393.8072017695784];['0x0000020135375390'];['component'];[];[];nan;False;False;-393.8072017695784;False;False;0.9294364388517531;False;False;73228217.2288352;False;False;0.036;True;False;90.78546139112804;True;False;0.00069;True;False;7.291367744886355;True;False;0x00000201353B2208;False;m;0;True;-1.1652793273065534;False;1.4417250659695349;False;0.2764457386629815;False;default;default;default
pipe12_back;pipe;['network losses'];[None];[-394.9507525272402];['0x0000020135375390'];['component'];[];[];nan;False;False;-394.9507525272402;False;False;0.9782529078716522;False;False;23068407.900426637;False;False;0.036;True;False;28.600699292150182;True;False;0.00069;True;False;7.291367744886298;True;False;0x00000201353B2358;False;m;0;True;-1.1945273701811499;False;1.4459115962922944;False;0.2513842261111445;False;default;default;default
pipe13_back;pipe;['network losses'];[None];[-396.105037217536];['0x0000020135375390'];['component'];[];[];nan;False;False;-396.105037217536;False;False;0.9646688953571145;False;False;38847551.03519098;False;False;0.036;True;False;48.16637831516918;True;False;0.00069;True;False;7.291367744886279;True;False;0x00000201353B22E8;False;m;0;True;-1.1891966683642676;False;1.450137423457939;False;0.2609407550936713;False;default;default;default
pipe14_back;pipe;['network losses'];[None];[-397.2544569082665];['0x0000020135375390'];['component'];[];[];nan;False;False;-397.2544569082665;False;False;0.9467382861536588;False;False;61853039.06938114;False;False;0.036;True;False;76.69419795525604;True;False;0.00069;True;False;7.291367744886364;True;False;0x00000201353B2278;False;m;0;True;-1.180067432644182;False;1.4543454398984679;False;0.27427800725428586;False;default;default;default
pipe17_back;pipe;['network losses'];[None];[-366.296906225861];['0x0000020135375390'];['component'];[];[];nan;False;False;-366.296906225861;False;False;0.9894433822606117;False;False;211764618.11000392;False;False;0.0217;True;False;16.97056274847714;True;False;0.00069;True;False;6.692425261876952;True;False;0x00000201353B22B0;False;m;0;True;-1.1147792862327555;False;1.3410100905211826;False;0.22623080428842712;False;default;default;default
pipe16_back;pipe;['network losses'];[None];[-395.0358710150097];['0x0000020135375390'];['component'];[];[];nan;False;False;-395.0358710150097;False;False;0.9990662284803898;False;False;18538605.384905282;False;False;0.036;True;False;21.93171219946131;True;False;0.00069;True;False;7.291367744885735;True;False;0x00000201353B2438;False;m;0;True;-1.2066382517341172;False;1.4462232144060396;False;0.23958496267192242;False;default;default;default
pipe5_feed;pipe;['network losses'];[None];[-524.793752462128];['0x0000020135375390'];['component'];[];[];nan;False;False;-524.793752462128;False;False;0.9995909629010614;False;False;109675292.15491669;False;False;0.0217;True;False;8.54400374531753;True;False;0.00069;True;False;6.692425261878017;True;False;0x00000201353B2630;False;m;0;True;-1.4926708784143667;False;1.9212657970423874;False;0.4285949186280207;False;default;default;default
pipe15_feed;pipe;['network losses'];[None];[-518.7802080657867];['0x0000020135375390'];['component'];[];[];nan;False;False;-518.7802080657867;False;False;0.9368990971857681;False;False;218116324.1889062;False;False;0.0217;True;False;17.804493814764857;True;False;0.00069;True;False;6.692425261877785;True;False;0x00000201353B25F8;False;m;0;True;-1.4380995504172804;False;1.89925025834079;False;0.46115070792350954;False;default;default;default
pipe21_feed;pipe;['network losses'];[None];[-525.0998527035644];['0x0000020135375390'];['component'];[];[];nan;False;False;-525.0998527035644;False;False;0.9929435862892418;False;False;162680416.25076622;False;False;0.0217;True;False;13.152946437965905;True;False;0.00069;True;False;6.692425261877963;True;False;0x00000201353B2470;False;m;0;True;-1.491069762224492;False;1.9223864276169298;False;0.43131666539243785;False;default;default;default
pipe22_feed;pipe;['network losses'];[None];[-523.4532126709568];['0x0000020135375390'];['component'];[];[];nan;False;False;-523.4532126709568;False;False;0.9918086635347905;False;False;554136705.7481912;False;False;0.0217;True;False;44.28317965096906;True;False;0.00069;True;False;6.692425261878038;True;False;0x00000201353B25C0;False;m;0;True;-1.488177962385491;False;1.9163580914184764;False;0.4281801290329854;False;default;default;default
pipe24_feed;pipe;['network losses'];[None];[-523.1003669801047];['0x0000020135375390'];['component'];[];[];nan;False;False;-523.1003669801047;False;False;0.9981608471596963;False;False;330212425.8771068;False;False;0.0217;True;False;25.942243542145693;True;False;0.00069;True;False;6.692425261878006;True;False;0x00000201353B26D8;False;m;0;True;-1.4887571741700796;False;1.9150663261215624;False;0.4263091519514828;False;default;default;default
pipe26_feed;pipe;['network losses'];[None];[-520.7003014184846];['0x0000020135375390'];['component'];[];[];nan;False;False;-520.7003014184846;False;False;0.9993646150658899;False;False;154962617.76049578;False;False;0.0217;True;False;12.083045973594572;True;False;0.00069;True;False;6.692425261878042;True;False;0x00000201353B2710;False;m;0;True;-1.4835880688271936;False;1.9062797049917066;False;0.422691636164513;False;default;default;default
pipe28_feed;pipe;['network losses'];[None];[-491.4464544070515];['0x0000020135375390'];['component'];[];[];nan;False;False;-491.4464544070515;False;False;0.9959834035197954;False;False;686713110.4637759;False;False;0.0217;True;False;105.77334257741882;True;False;5e-05;True;False;6.31475789999996;True;False;0x00000201353B2748;False;m;0;True;-1.3997549449273676;False;1.7991816013437727;False;0.39942665641640507;False;default;default;default
pipe30_feed;pipe;['network losses'];[None];[-516.2555442843727];['0x0000020135375390'];['component'];[];[];nan;False;False;-516.2555442843727;False;False;0.9995029215519177;False;False;170415818.47117344;False;False;0.0217;True;False;13.152946437965905;True;False;0.00069;True;False;6.692425261878016;True;False;0x00000201353B2320;False;m;0;True;-1.4737274197760901;False;1.8900074841089978;False;0.41628006433290765;False;default;default;default
pipe32_feed;pipe;['network losses'];[None];[-494.8374374473621];['0x0000020135375390'];['component'];[];[];nan;False;False;-494.8374374473621;False;False;0.9998853564264332;False;False;86990822.1170725;False;False;0.0217;True;False;11.045361017187261;True;False;0.00029;True;False;6.484773988717494;True;False;0x00000201353B2860;False;m;0;True;-1.4159577960625986;False;1.811595963563471;False;0.39563816750087244;False;default;default;default
pipe34_feed;pipe;['network losses'];[None];[-541.265588656065];['0x0000020135375390'];['component'];[];[];nan;False;False;-541.265588656065;False;False;0.9999812485596535;False;False;2910215.535927876;False;False;0.036;True;False;5.0;True;False;0.00029;True;False;7.026988805196912;True;False;0x00000201353B27F0;False;m;0;True;-1.5456769671116442;False;1.9815690596963758;False;0.4358920925847316;False;default;default;default
pipe36_feed;pipe;['network losses'];[None];[-495.7363638040534];['0x0000020135375390'];['component'];[];[];nan;False;False;-495.7363638040534;False;False;0.9986937206568304;False;False;410824014.2734313;False;False;0.0217;True;False;41.43669871020132;True;False;0.00029;True;False;6.484773988717536;True;False;0x00000201353B2780;False;m;0;True;-1.4178976897929938;False;1.8148869258797489;False;0.39698923608675507;False;default;default;default
pipe38_feed;pipe;['network losses'];[None];[-482.60263169243245];['0x0000020135375390'];['component'];[];[];nan;False;False;-482.60263169243245;False;False;0.9998424428449266;False;False;109026612.3870607;False;False;0.0217;True;False;13.92838827718412;True;False;8.999999999999999e-05;True;False;6.3884443479191155;True;False;0x00000201353B2940;False;m;0;True;-1.3839786390059;False;1.7668044359964579;False;0.38282579699055796;False;default;default;default
pipe40_feed;pipe;['network losses'];[None];[-489.2953928280889];['0x0000020135375390'];['component'];[];[];nan;False;False;-489.2953928280889;False;False;0.9955810171668833;False;False;155684250.3554165;False;False;0.0217;True;False;22.825424421026653;True;False;8.999999999999999e-05;True;False;6.388444347919046;True;False;0x00000201353B29B0;False;m;0;True;-1.3979578419432726;False;1.7913065818344827;False;0.3933487398912101;False;default;default;default
pipe42_feed;pipe;['network losses'];[None];[-483.01853191959833];['0x0000020135375390'];['component'];[];[];nan;False;False;-483.01853191959833;False;False;0.99965662435387;False;False;45968921.55884331;False;False;0.0217;True;False;7.211102550927978;True;False;8.999999999999999e-05;True;False;6.388444347919144;True;False;0x00000201353B2A20;False;m;0;True;-1.3849156575206945;False;1.7683270434545062;False;0.38341138593381174;False;default;default;default
pipe44_feed;pipe;['network losses'];[None];[-476.66291431906285];['0x0000020135375390'];['component'];[];[];nan;False;False;-476.66291431906285;False;False;0.9997700404000885;False;False;39598607.87417447;False;False;0.0217;True;False;6.0;True;False;8.999999999999999e-05;True;False;6.388444347919206;True;False;0x00000201353B2A90;False;m;0;True;-1.3706170065052752;False;1.7450591774448578;False;0.37444217093958265;False;default;default;default
pipe45_feed;pipe;['network losses'];[None];[-477.5418193095136];['0x0000020135375390'];['component'];[];[];nan;False;False;-477.5418193095136;False;False;0.9976965221633418;False;False;283529537.07392544;False;False;0.0217;True;False;44.82186966202994;True;False;8.999999999999999e-05;True;False;6.388444347919176;True;False;0x00000201353B2B00;False;m;0;True;-1.3723320332372893;False;1.7482768416969197;False;0.3759448084596304;False;default;default;default
pipe5_back;pipe;['network losses'];[None];[-362.6446745567784];['0x0000020135375390'];['component'];[];[];nan;False;False;-362.6446745567784;False;False;0.9995336119408397;False;False;111904475.87591453;False;False;0.0217;True;False;8.54400374531753;True;False;0.00069;True;False;6.692425261877718;True;False;0x00000201353B2B70;False;m;0;True;-1.1078069119848244;False;1.3276392991278727;False;0.2198323871430483;False;default;default;default
pipe15_back;pipe;['network losses'];[None];[-367.4162084003004];['0x0000020135375390'];['component'];[];[];nan;False;False;-367.4162084003004;False;False;0.9212807120421915;False;False;218718328.2556932;False;False;0.0217;True;False;17.804493814764857;True;False;0.00069;True;False;6.692425261877954;True;False;0x00000201353B2BA8;False;m;0;True;-1.0768258001065987;False;1.3451078469716289;False;0.2682820468650302;False;default;default;default
pipe21_back;pipe;['network losses'];[None];[-366.46100994337235];['0x0000020135375390'];['component'];[];[];nan;False;False;-366.46100994337235;False;False;0.9919743476608183;False;False;163749304.9689177;False;False;0.0217;True;False;13.152946437965905;True;False;0.00069;True;False;6.692425261878025;True;False;0x00000201353B2BE0;False;m;0;True;-1.1151175025537476;False;1.3416108729393095;False;0.22649337038556183;False;default;default;default
pipe22_back;pipe;['network losses'];[None];[-365.30864502726837];['0x0000020135375390'];['component'];[];[];nan;False;False;-365.30864502726837;False;False;0.9906309211206461;False;False;560159088.014292;False;False;0.0217;True;False;44.28317965096906;True;False;0.00069;True;False;6.692425261877916;True;False;0x00000201353B2CC0;False;m;0;True;-1.1129699867525604;False;1.3373920740518703;False;0.2244220872993099;False;default;default;default
pipe24_back;pipe;['network losses'];[None];[-363.5554231005267];['0x0000020135375390'];['component'];[];[];nan;False;False;-363.5554231005267;False;False;0.9978968332302235;False;False;335851236.1176291;False;False;0.0217;True;False;25.942243542145693;True;False;0.00069;True;False;6.692425261877428;True;False;0x00000201353B2CF8;False;m;0;True;-1.1099456933138547;False;1.3309735423779123;False;0.2210278490640576;False;default;default;default
pipe26_back;pipe;['network losses'];[None];[-362.78361027916935];['0x0000020135375390'];['component'];[];[];nan;False;False;-362.78361027916935;False;False;0.9992714351985451;False;False;157979380.17496434;False;False;0.0217;True;False;12.083045973594572;True;False;0.00069;True;False;6.692425261877899;True;False;0x00000201353B2D30;False;m;0;True;-1.1081385144142442;False;1.3281479417139643;False;0.22000942729972017;False;default;default;default
pipe28_back;pipe;['network losses'];[None];[-343.3280020738729];['0x0000020135375390'];['component'];[];[];nan;False;False;-343.3280020738729;False;False;0.9950592039763761;False;False;746668623.3791219;False;False;0.0217;True;False;105.77334257741882;True;False;5e-05;True;False;6.314757900000606;True;False;0x00000201353B2DD8;False;m;0;True;-1.0477330649066028;False;1.2569211132120552;False;0.20918804830545246;False;default;default;default
pipe30_back;pipe;['network losses'];[None];[-361.73836064336734];['0x0000020135375390'];['component'];[];[];nan;False;False;-361.73836064336734;False;False;0.9994263885710132;False;False;174228162.90823013;False;False;0.0217;True;False;13.152946437965905;True;False;0.00069;True;False;6.69242526187831;True;False;0x00000201353B2E10;False;m;0;True;-1.1054924887736741;False;1.3243212910245923;False;0.21882880225091816;False;default;default;default
pipe32_back;pipe;['network losses'];[None];[-347.8184091094978];['0x0000020135375390'];['component'];[];[];nan;False;False;-347.8184091094978;False;False;0.9998594628041254;False;False;94402541.64634223;False;False;0.0217;True;False;11.045361017187261;True;False;0.00029;True;False;6.4847739887171025;True;False;0x00000201353B2EF0;False;m;0;True;-1.0643227701472855;False;1.2733604580248867;False;0.20903768787760124;False;default;default;default
pipe34_back;pipe;['network losses'];[None];[-381.74345759410096];['0x0000020135375390'];['component'];[];[];nan;False;False;-381.74345759410096;False;False;0.9999770236356381;False;False;3156792.2728431723;False;False;0.036;True;False;5.0;True;False;0.00029;True;False;7.026988805198406;True;False;0x00000201353B2F28;False;m;0;True;-1.1657059150717826;False;1.3975597934984476;False;0.23185387842666505;False;default;default;default
pipe36_back;pipe;['network losses'];[None];[-350.8747289809576];['0x0000020135375390'];['component'];[];[];nan;False;False;-350.8747289809576;False;False;0.9984595549164438;False;False;426906582.04144424;False;False;0.0217;True;False;41.43669871020132;True;False;0.00029;True;False;6.484773988717646;True;False;0x00000201353B2F98;False;m;0;True;-1.0720391384289174;False;1.2845496210176008;False;0.21251048258868344;False;default;default;default
pipe38_back;pipe;['network losses'];[None];[-343.06464977564957];['0x0000020135375390'];['component'];[];[];nan;False;False;-343.06464977564957;False;False;0.9998066057943611;False;False;117992807.78964403;False;False;0.0217;True;False;13.92838827718412;True;False;8.999999999999999e-05;True;False;6.3884443479192425;True;False;0x00000201353B2FD0;False;m;0;True;-1.0495687223047083;False;1.2559569825211407;False;0.20638826021643242;False;default;default;default
pipe40_back;pipe;['network losses'];[None];[-349.46794795310717];['0x0000020135375390'];['component'];[];[];nan;False;False;-349.46794795310717;False;False;0.9947744101376641;False;False;161507058.10140505;False;False;0.0217;True;False;22.825424421026653;True;False;8.999999999999999e-05;True;False;6.388444347918661;True;False;0x0000020136372080;False;m;0;True;-1.0647786165491793;False;1.2793994067476009;False;0.21462079019842162;False;default;default;default
pipe42_back;pipe;['network losses'];[None];[-347.677320205307];['0x0000020135375390'];['component'];[];[];nan;False;False;-347.677320205307;False;False;0.9995792835643225;False;False;49616704.40310991;False;False;0.0217;True;False;7.211102550927978;True;False;8.999999999999999e-05;True;False;6.388444347919921;True;False;0x00000201363720F0;False;m;0;True;-1.0613208862479409;False;1.2728439326571739;False;0.21152304640923303;False;default;default;default
pipe44_back;pipe;['network losses'];[None];[-347.1870665454907];['0x0000020135375390'];['component'];[];[];nan;False;False;-347.1870665454907;False;False;0.9997189330897788;False;False;42615331.34214972;False;False;0.0217;True;False;6.0;True;False;8.999999999999999e-05;True;False;6.388444347920499;True;False;0x0000020136372160;False;m;0;True;-1.0600906468122724;False;1.2710491178674381;False;0.21095847105516574;False;default;default;default
pipe45_back;pipe;['network losses'];[None];[-347.82902503651803];['0x0000020135375390'];['component'];[];[];nan;False;False;-347.82902503651803;False;False;0.9971778204742647;False;False;305144849.49206686;False;False;0.0217;True;False;44.82186966202994;True;False;8.999999999999999e-05;True;False;6.388444347919193;True;False;0x00000201363721D0;False;m;0;True;-1.0614225628718748;False;1.2733993228501486;False;0.2119767599782738;False;default;default;default
pipe4_feed;pipe;['network losses'];[None];[-611.2667279009628];['0x0000020135375390'];['component'];[];[];nan;False;False;-611.2667279009628;False;False;0.9884165970596815;False;False;7453603.000259605;False;False;0.0419;True;False;21.095023109728988;True;False;0.00069;True;False;7.674025442364931;True;False;0x0000020136372278;False;m;0;True;-1.7084478954835676;False;2.237842679483664;False;0.5293947840000965;False;default;default;default
pipe20_feed;pipe;['network losses'];[None];[-606.714196570684];['0x0000020135375390'];['component'];[];[];nan;False;False;-606.714196570684;False;False;0.9991618340202976;False;False;7706732.759079269;False;False;0.0419;True;False;21.213203435596427;True;False;0.00069;True;False;7.674025442364794;True;False;0x00000201363722B0;False;m;0;True;-1.7221481676114878;False;2.2211758981170933;False;0.49902773050560545;False;default;default;default
pipe4_back;pipe;['network losses'];[None];[-403.97718472116924];['0x0000020135375390'];['component'];[];[];nan;False;False;-403.97718472116924;False;False;0.9855834952001882;False;False;7488905.425925634;False;False;0.0419;True;False;21.095023109728988;True;False;0.00069;True;False;7.674025442364957;True;False;0x0000020136372320;False;m;0;True;-1.2144897684585727;False;1.4789572935060196;False;0.26446752504744686;False;default;default;default
pipe20_back;pipe;['network losses'];[None];[-416.1279768268201];['0x0000020135375390'];['component'];[];[];nan;False;False;-416.1279768268201;False;False;0.9989325060790547;False;False;7821938.844845059;False;False;0.0419;True;False;21.213203435596427;True;False;0.00069;True;False;7.674025442364562;True;False;0x00000201363723C8;False;m;0;True;-1.2706357762139997;False;1.5234412477643058;False;0.2528054715503061;False;default;default;default
pipe23_feed;pipe;['network losses'];[None];[-577.6487391595289];['0x0000020135375390'];['component'];[];[];nan;False;False;-577.6487391595289;False;False;0.9916414404706354;False;False;10872653.577380689;False;False;0.036;True;False;13.601470508735444;True;False;0.00069;True;False;7.291367744886834;True;False;0x0000020136372400;False;m;0;True;-1.6276639556232215;False;2.1147674873129376;False;0.4871035316897161;False;default;default;default
pipe25_feed;pipe;['network losses'];[None];[-576.2779885981611];['0x0000020135375390'];['component'];[];[];nan;False;False;-576.2779885981611;False;False;0.9887603229977108;False;False;17310921.63756237;False;False;0.036;True;False;21.633307652783937;True;False;0.00069;True;False;7.291367744886948;True;False;0x00000201363724E0;False;m;0;True;-1.6220748641286187;False;2.1097491802971304;False;0.48767431616851176;False;default;default;default
pipe27_feed;pipe;['network losses'];[None];[-574.7901172590882];['0x0000020135375390'];['component'];[];[];nan;False;False;-574.7901172590882;False;False;0.9866176169623553;False;False;24031079.03268916;False;False;0.036;True;False;30.0;True;False;0.00069;True;False;7.291367744886985;True;False;0x0000020136372518;False;m;0;True;-1.6175925072325392;False;2.104302095036018;False;0.4867095878034786;False;default;default;default
pipe29_feed;pipe;['network losses'];[None];[-573.1560020548827];['0x0000020135375390'];['component'];[];[];nan;False;False;-573.1560020548827;False;False;0.9898454875881588;False;False;22304377.28406366;False;False;0.036;True;False;27.80287754891569;True;False;0.00069;True;False;7.291367744886887;True;False;0x0000020136372550;False;m;0;True;-1.6190333625089233;False;2.09831961213576;False;0.47928624962683664;False;default;default;default
pipe31_feed;pipe;['network losses'];[None];[-550.6766496160838];['0x0000020135375390'];['component'];[];[];nan;False;False;-550.6766496160838;False;False;0.9935694092422707;False;False;16509318.74505862;False;False;0.036;True;False;27.313000567495326;True;False;0.00029;True;False;7.026988805196954;True;False;0x00000201363725C0;False;m;0;True;-1.5605888277375948;False;2.0160228797952913;False;0.4554340520576965;False;default;default;default
pipe33_feed;pipe;['network losses'];[None];[-548.8885676990001];['0x0000020135375390'];['component'];[];[];nan;False;False;-548.8885676990001;False;False;0.9985865972418495;False;False;4063731.997488246;False;False;0.036;True;False;6.708203932499369;True;False;0.00029;True;False;7.026988805196764;True;False;0x0000020136372630;False;m;0;True;-1.5613883139680589;False;2.0094767259710786;False;0.44808841200301974;False;default;default;default
pipe35_feed;pipe;['network losses'];[None];[-504.78853715135597];['0x0000020135375390'];['component'];[];[];nan;False;False;-504.78853715135597;False;False;0.98034361732137;False;False;75622591.41624245;False;False;0.0217;True;False;8.54400374531753;True;False;0.00029;True;False;6.484773988717552;True;False;0x00000201363726A0;False;m;0;True;-1.4233809439821012;False;1.8480268612533626;False;0.42464591727126133;False;default;default;default
pipe37_feed;pipe;['network losses'];[None];[-544.8355890943543];['0x0000020135375390'];['component'];[];[];nan;False;False;-544.8355890943543;False;False;0.9973966275363312;False;False;12386049.189252393;False;False;0.036;True;False;20.223748416156685;True;False;0.00029;True;False;7.026988805196905;True;False;0x0000020136372710;False;m;0;True;-1.551921536007923;False;1.9946388032010043;False;0.44271726719308124;False;default;default;default
pipe39_feed;pipe;['network losses'];[None];[-532.9149544242997];['0x0000020135375390'];['component'];[];[];nan;False;False;-532.9149544242997;False;False;0.998136077083849;False;False;10517598.246435229;False;False;0.036;True;False;22.20360331117452;True;False;8.999999999999999e-05;True;False;6.9043431411112115;True;False;0x00000201363727B8;False;m;0;True;-1.5200337482714419;False;1.9509974535028363;False;0.4309637052313944;False;default;default;default
pipe41_feed;pipe;['network losses'];[None];[-529.6062912471065];['0x0000020135375390'];['component'];[];[];nan;False;False;-529.6062912471065;False;False;0.9996259079547244;False;False;5852590.141877959;False;False;0.036;True;False;13.341664064126334;True;False;8.999999999999999e-05;True;False;6.904343141111151;True;False;0x00000201363727F0;False;m;0;True;-1.5136462032992084;False;1.93888446365406;False;0.4252382603548517;False;default;default;default
pipe43_feed;pipe;['network losses'];[None];[-524.4368215980902];['0x0000020135375390'];['component'];[];[];nan;False;False;-524.4368215980902;False;False;0.9996289151162758;False;False;13406088.41125097;False;False;0.036;True;False;27.459060435491963;True;False;8.999999999999999e-05;True;False;6.9043431411111955;True;False;0x0000020136372898;False;m;0;True;-1.5021301854881917;False;1.9199590759585952;False;0.4178288904704035;False;default;default;default
pipe23_back;pipe;['network losses'];[None];[-382.3800046126913];['0x0000020135375390'];['component'];[];[];nan;False;False;-382.3800046126913;False;False;0.9895069398202293;False;False;10927481.995374238;False;False;0.036;True;False;13.601470508735444;True;False;0.00069;True;False;7.291367744887055;True;False;0x0000020136372908;False;m;0;True;-1.1621181631720965;False;1.3998901871231608;False;0.23777202395106434;False;default;default;default
pipe25_back;pipe;['network losses'];[None];[-382.52301220998964];['0x0000020135375390'];['component'];[];[];nan;False;False;-382.52301220998964;False;False;0.9858435675207888;False;False;17405382.37947944;False;False;0.036;True;False;21.633307652783937;True;False;0.00069;True;False;7.2913677448873315;True;False;0x0000020136372940;False;m;0;True;-1.1597698798399865;False;1.4004137368112382;False;0.24064385697125168;False;default;default;default
pipe27_back;pipe;['network losses'];[None];[-382.97496428784734];['0x0000020135375390'];['component'];[];[];nan;False;False;-382.97496428784734;False;False;0.9828878767436318;False;False;24171704.509552423;False;False;0.036;True;False;30.0;True;False;0.00069;True;False;7.2913677448876335;True;False;0x00000201363729B0;False;m;0;True;-1.1596637682455653;False;1.4020683298109002;False;0.24240456156533496;False;default;default;default
pipe29_back;pipe;['network losses'];[None];[-383.1191559186598];['0x0000020135375390'];['component'];[];[];nan;False;False;-383.1191559186598;False;False;0.9871336985726267;False;False;22447898.927826688;False;False;0.036;True;False;27.80287754891569;True;False;0.00069;True;False;7.291367744887314;True;False;0x0000020136372A20;False;m;0;True;-1.1653609499818482;False;1.402596214236353;False;0.2372352642545048;False;default;default;default
pipe31_back;pipe;['network losses'];[None];[-370.071219718447];['0x0000020135375390'];['component'];[];[];nan;False;False;-370.071219718447;False;False;0.991806174082978;False;False;16756171.117910074;False;False;0.036;True;False;27.313000567495326;True;False;0.00029;True;False;7.026988805197161;True;False;0x0000020136372A90;False;m;0;True;-1.1294623018337457;False;1.3548278225094164;False;0.22536552067567062;False;default;default;default
pipe33_back;pipe;['network losses'];[None];[-371.4732304615738];['0x0000020135375390'];['component'];[];[];nan;False;False;-371.4732304615738;False;False;0.9982065169405482;False;False;4126573.975197924;False;False;0.036;True;False;6.708203932499369;True;False;0.00029;True;False;7.02698880519733;True;False;0x0000020136372B00;False;m;0;True;-1.13812890418684;False;1.3599605728045903;False;0.22183166861775017;False;default;default;default
pipe35_back;pipe;['network losses'];[None];[-343.29958475936166];['0x0000020135375390'];['component'];[];[];nan;False;False;-343.29958475936166;False;False;0.9745801234611434;False;False;76154502.43438976;False;False;0.0217;True;False;8.54400374531753;True;False;0.00029;True;False;6.48477398871793;True;False;0x0000020136372BA8;False;m;0;True;-1.0371760450098273;False;1.2568170776473062;False;0.21964103263747892;False;default;default;default
pipe37_back;pipe;['network losses'];[None];[-373.3079902704768];['0x0000020135375390'];['component'];[];[];nan;False;False;-373.3079902704768;False;False;0.996659117642009;False;False;12617617.8430243;False;False;0.036;True;False;20.223748416156685;True;False;0.00029;True;False;7.026988805197001;True;False;0x0000020136372BE0;False;m;0;True;-1.1423272234550275;False;1.3666776140233456;False;0.22435039056831818;False;default;default;default
pipe39_back;pipe;['network losses'];[None];[-368.97199868802943];['0x0000020135375390'];['component'];[];[];nan;False;False;-368.97199868802943;False;False;0.9978953145602883;False;False;9322595.685306184;False;False;0.036;True;False;22.20360331117452;True;False;8.999999999999999e-05;True;False;6.904343141111474;True;False;0x0000020136372CC0;False;m;0;True;-1.1287298888119912;False;1.3508035829691725;False;0.22207369415718126;False;default;default;default
pipe41_back;pipe;['network losses'];[None];[-367.3440414868657];['0x0000020135375390'];['component'];[];[];nan;False;False;-367.3440414868657;False;False;0.9994873224068774;False;False;6370650.821447609;False;False;0.036;True;False;13.341664064126334;True;False;8.999999999999999e-05;True;False;6.904343141112111;True;False;0x0000020136372CF8;False;m;0;True;-1.1254429395412873;False;1.34484364446958;False;0.21940070492829267;False;default;default;default
pipe43_back;pipe;['network losses'];[None];[-369.36423359945275];['0x0000020135375390'];['component'];[];[];nan;False;False;-369.36423359945275;False;False;0.9994930676392784;False;False;14540300.082615932;False;False;0.036;True;False;27.459060435491963;True;False;8.999999999999999e-05;True;False;6.904343141111954;True;False;0x0000020136372D30;False;m;0;True;-1.1306719775938396;False;1.35223955189256;False;0.22156757429872043;False;default;default;default
